Proceso,Ano,Mes,Presupuesto,Real
Proceso 1,2014,1,67740835.86,12000000
Proceso 1,2014,2,67740835.86,12000000
Proceso 1,2014,3,67740835.86,12000000
Proceso 1,2014,4,67740835.86,12000000
Proceso 1,2014,5,67740835.86,12000000
Proceso 1,2014,6,67740835.86,12000000
Proceso 1,2014,7,67740835.86,12000000
Proceso 1,2014,8,67740835.86,12000000
Proceso 1,2014,9,67740835.86,12000000
Proceso 1,2014,10,67740835.86,0
Proceso 1,2014,11,67740835.86,0
Proceso 1,2014,12,67740835.86,0
Proceso 2,2014,1,0,0
Proceso 2,2014,2,0,0
Proceso 2,2014,3,12000000,0
Proceso 2,2014,4,12000000,0
Proceso 2,2014,5,12000000,0
Proceso 2,2014,6,12000000,0
Proceso 2,2014,7,12000000,0
Proceso 2,2014,8,12000000,0
Proceso 2,2014,9,12000000,0
Proceso 2,2014,10,12000000,0
Proceso 2,2014,11,12000000,560416458.3
Proceso 2,2014,12,0,1190907030
Proceso 3,2014,1,0,0
Proceso 3,2014,2,0,11696
Proceso 3,2014,3,0,83857784.77
Proceso 3,2014,4,0,5401330.5
Proceso 3,2014,5,0,4644182.4
Proceso 3,2014,6,0,0
Proceso 3,2014,7,0,0
Proceso 3,2014,8,0,0
Proceso 3,2014,9,12000000,0
Proceso 3,2014,10,12000000,0
Proceso 3,2014,11,12000000,0
Proceso 3,2014,12,12000000,0
Proceso 4,2014,1,12000000,0
Proceso 4,2014,2,12000000,0
Proceso 4,2014,3,12000000,0
Proceso 4,2014,4,12000000,0
Proceso 4,2014,5,12000000,0
Proceso 4,2014,6,0,0
Proceso 4,2014,7,0,1731515
Proceso 4,2014,8,0,73515
Proceso 4,2014,9,0,0
Proceso 4,2014,10,0,0
Proceso 4,2014,11,0,0
Proceso 4,2014,12,0,0
Proceso 5,2014,1,0,12000000
Proceso 5,2014,2,0,12000000
Proceso 5,2014,3,0,12000000
Proceso 5,2014,4,0,12000000
Proceso 5,2014,5,12000000,12000000
Proceso 5,2014,6,12000000,12000000
Proceso 5,2014,7,12000000,12000000
Proceso 5,2014,8,12000000,12000000
Proceso 5,2014,9,12000000,12000000
Proceso 5,2014,10,12000000,0
Proceso 5,2014,11,12000000,0
Proceso 5,2014,12,12000000,0
Proceso 6,2014,1,12000000,0
Proceso 6,2014,2,0,0
Proceso 6,2014,3,0,112842
Proceso 6,2014,4,0,0
Proceso 6,2014,5,0,0
Proceso 6,2014,6,0,0
Proceso 6,2014,7,0,0
Proceso 6,2014,8,0,0
Proceso 6,2014,9,0,0
Proceso 6,2014,10,12000000,0
Proceso 6,2014,11,12000000,0
Proceso 6,2014,12,12000000,0
Proceso 7,2014,1,12000000,0
Proceso 7,2014,2,12000000,87954
Proceso 7,2014,3,12000000,22550009.5
Proceso 7,2014,4,12000000,0
Proceso 7,2014,5,12000000,426607948.5
Proceso 7,2014,6,12000000,163614355
Proceso 7,2014,7,0,395702797.7
Proceso 7,2014,8,0,3460647
Proceso 7,2014,9,0,0
Proceso 7,2014,10,0,0
Proceso 7,2014,11,0,305840
Proceso 7,2014,12,0,0
Proceso 8,2014,1,0,0
Proceso 8,2014,2,0,0
Proceso 8,2014,3,0,0
Proceso 8,2014,4,0,0
Proceso 8,2014,5,0,0
Proceso 8,2014,6,12000000,0
Proceso 8,2014,7,12000000,0
Proceso 8,2014,8,12000000,0
Proceso 8,2014,9,12000000,0
Proceso 8,2014,10,12000000,0
Proceso 8,2014,11,12000000,0
Proceso 8,2014,12,12000000,0
Proceso 9,2014,1,12000000,0
Proceso 9,2014,2,12000000,0
Proceso 9,2014,3,0,0
Proceso 9,2014,4,0,0
Proceso 9,2014,5,0,0
Proceso 9,2014,6,0,0
Proceso 9,2014,7,0,0
Proceso 9,2014,8,0,0
Proceso 9,2014,9,0,328864082.3
Proceso 9,2014,10,0,0
Proceso 9,2014,11,0,0
Proceso 9,2014,12,0,1896652.5
Proceso 10,2014,1,0,0
Proceso 10,2014,2,0,12000000
Proceso 10,2014,3,0,12000000
Proceso 10,2014,4,12000000,12000000
Proceso 10,2014,5,12000000,12000000
Proceso 10,2014,6,12000000,12000000
Proceso 10,2014,7,12000000,12000000
Proceso 10,2014,8,12000000,12000000
Proceso 10,2014,9,12000000,12000000
Proceso 10,2014,10,12000000,12000000
Proceso 10,2014,11,12000000,0
Proceso 10,2014,12,12000000,0
Proceso 11,2014,1,0,135858071.9
Proceso 11,2014,2,0,0
Proceso 11,2014,3,0,0
Proceso 11,2014,4,0,0
Proceso 11,2014,5,0,0
Proceso 11,2014,6,0,0
Proceso 11,2014,7,0,636490.41
Proceso 11,2014,8,0,0
Proceso 11,2014,9,0,0
Proceso 11,2014,10,0,0
Proceso 11,2014,11,0,0
Proceso 11,2014,12,0,0
Proceso 12,2014,1,0,134068
Proceso 12,2014,2,0,5976631.5
Proceso 12,2014,3,0,189542486.3
Proceso 12,2014,4,0,0
Proceso 12,2014,5,12000000,0
Proceso 12,2014,6,12000000,0
Proceso 12,2014,7,12000000,0
Proceso 12,2014,8,12000000,30377534.57
Proceso 12,2014,9,12000000,0
Proceso 12,2014,10,12000000,0
Proceso 12,2014,11,12000000,0
Proceso 12,2014,12,12000000,0
Proceso 13,2014,1,12000000,183328423.4
Proceso 13,2014,2,0,0
Proceso 13,2014,3,0,0
Proceso 13,2014,4,0,0
Proceso 13,2014,5,0,0
Proceso 13,2014,6,0,0
Proceso 13,2014,7,0,514538
Proceso 13,2014,8,0,123359
Proceso 13,2014,9,0,0
Proceso 13,2014,10,0,158315
Proceso 13,2014,11,0,0
Proceso 13,2014,12,12000000,107530837.1
Proceso 14,2014,1,12000000,0
Proceso 14,2014,2,12000000,0
Proceso 14,2014,3,12000000,0
Proceso 14,2014,4,12000000,431720190.3
Proceso 14,2014,5,12000000,292362167.4
Proceso 14,2014,6,12000000,0
Proceso 14,2014,7,12000000,0
Proceso 14,2014,8,12000000,0
Proceso 14,2014,9,0,0
Proceso 14,2014,10,0,0
Proceso 14,2014,11,0,0
Proceso 14,2014,12,0,0
Proceso 15,2014,1,0,0
Proceso 15,2014,2,0,0
Proceso 15,2014,3,0,0
Proceso 15,2014,4,0,0
Proceso 15,2014,5,0,0
Proceso 15,2014,6,0,0
Proceso 15,2014,7,12000000,0
Proceso 15,2014,8,12000000,0
Proceso 15,2014,9,12000000,0
Proceso 15,2014,10,12000000,0
Proceso 15,2014,11,12000000,0
Proceso 15,2014,12,12000000,12000000
Proceso 16,2014,1,12000000,12000000
Proceso 16,2014,2,12000000,12000000
Proceso 16,2014,3,12000000,12000000
Proceso 16,2014,4,0,12000000
Proceso 16,2014,5,0,12000000
Proceso 16,2014,6,0,12000000
Proceso 16,2014,7,0,12000000
Proceso 16,2014,8,0,12000000
Proceso 16,2014,9,0,0
Proceso 16,2014,10,0,0
Proceso 16,2014,11,12000000,0
Proceso 16,2014,12,12000000,0
Proceso 17,2014,1,12000000,0
Proceso 17,2014,2,12000000,0
Proceso 17,2014,3,12000000,0
Proceso 17,2014,4,12000000,0
Proceso 17,2014,5,12000000,0
Proceso 17,2014,6,12000000,12000000
Proceso 17,2014,7,12000000,12000000
Proceso 17,2014,8,0,12000000
Proceso 17,2014,9,0,12000000
Proceso 17,2014,10,0,12000000
Proceso 17,2014,11,0,12000000
Proceso 17,2014,12,0,12000000
Proceso 18,2014,1,0,12000000
Proceso 18,2014,2,0,12000000
Proceso 18,2014,3,0,0
Proceso 18,2014,4,0,0
Proceso 18,2014,5,12000000,0
Proceso 18,2014,6,12000000,0
Proceso 18,2014,7,12000000,0
Proceso 18,2014,8,12000000,0
Proceso 18,2014,9,12000000,0
Proceso 18,2014,10,12000000,0
Proceso 18,2014,11,12000000,0
Proceso 18,2014,12,12000000,0
Proceso 19,2014,1,12000000,0
Proceso 19,2014,2,0,5972437.36
Proceso 19,2014,3,0,238014
Proceso 19,2014,4,0,0
Proceso 19,2014,5,0,0
Proceso 19,2014,6,0,0
Proceso 19,2014,7,0,0
Proceso 19,2014,8,12000000,0
Proceso 19,2014,9,12000000,142651406.2
Proceso 19,2014,10,12000000,60514725.39
Proceso 19,2014,11,12000000,0
Proceso 19,2014,12,12000000,0
Proceso 20,2014,1,12000000,13092437.8
Proceso 20,2014,2,12000000,0
Proceso 20,2014,3,12000000,21205123.5
Proceso 20,2014,4,12000000,0
Proceso 20,2014,5,0,0
Proceso 20,2014,6,0,0
Proceso 20,2014,7,0,9493779
Proceso 20,2014,8,0,0
Proceso 20,2014,9,12000000,0
Proceso 20,2014,10,12000000,483395447.8
Proceso 20,2014,11,12000000,13425386.34
Proceso 20,2014,12,12000000,0
Proceso 21,2014,1,12000000,0
Proceso 21,2014,2,12000000,0
Proceso 21,2014,3,12000000,0
Proceso 21,2014,4,12000000,0
Proceso 21,2014,5,12000000,0
Proceso 21,2014,6,0,0
Proceso 21,2014,7,0,0
Proceso 21,2014,8,0,60872429.88
Proceso 21,2014,9,0,0
Proceso 21,2014,10,0,0
Proceso 21,2014,11,12000000,0
Proceso 21,2014,12,12000000,0
Proceso 22,2014,1,12000000,0
Proceso 22,2014,2,12000000,210016650.9
Proceso 22,2014,3,12000000,685349
Proceso 22,2014,4,12000000,0
Proceso 22,2014,5,12000000,0
Proceso 22,2014,6,12000000,212406914.5
Proceso 22,2014,7,12000000,63750285.89
Proceso 22,2014,8,0,0
Proceso 22,2014,9,0,0
Proceso 22,2014,10,0,0
Proceso 22,2014,11,12000000,0
Proceso 22,2014,12,12000000,0
Proceso 23,2014,1,12000000,0
Proceso 23,2014,2,12000000,0
Proceso 23,2014,3,12000000,0
Proceso 23,2014,4,12000000,0
Proceso 23,2014,5,12000000,0
Proceso 23,2014,6,12000000,0
Proceso 23,2014,7,12000000,0
Proceso 23,2014,8,0,70057283.56
Proceso 23,2014,9,0,0
Proceso 23,2014,10,0,0
Proceso 23,2014,11,0,0
Proceso 23,2014,12,0,0
Proceso 24,2014,1,0,13441628.73
Proceso 24,2014,2,0,0
Proceso 24,2014,3,0,481607
Proceso 24,2014,4,0,0
Proceso 24,2014,5,12000000,0
Proceso 24,2014,6,12000000,0
Proceso 24,2014,7,12000000,0
Proceso 24,2014,8,12000000,0
Proceso 24,2014,9,12000000,0
Proceso 24,2014,10,12000000,0
Proceso 24,2014,11,12000000,0
Proceso 24,2014,12,12000000,0
Proceso 25,2014,1,12000000,304377
Proceso 25,2014,2,0,0
Proceso 25,2014,3,0,29167818.7
Proceso 25,2014,4,0,0
Proceso 25,2014,5,0,0
Proceso 25,2014,6,0,0
Proceso 25,2014,7,0,0
Proceso 25,2014,8,0,0
Proceso 25,2014,9,0,0
Proceso 25,2014,10,0,0
Proceso 25,2014,11,0,0
Proceso 25,2014,12,0,0
Proceso 26,2014,1,0,0
Proceso 26,2014,2,0,0
Proceso 26,2014,3,0,0
Proceso 26,2014,4,0,0
Proceso 26,2014,5,0,0
Proceso 26,2014,6,0,0
Proceso 26,2014,7,0,0
Proceso 26,2014,8,12000000,0
Proceso 26,2014,9,12000000,0
Proceso 26,2014,10,12000000,0
Proceso 26,2014,11,12000000,0
Proceso 26,2014,12,12000000,0
Proceso 27,2014,1,12000000,0
Proceso 27,2014,2,12000000,0
Proceso 27,2014,3,12000000,0
Proceso 27,2014,4,12000000,0
Proceso 27,2014,5,0,0
Proceso 27,2014,6,0,0
Proceso 27,2014,7,0,0
Proceso 27,2014,8,0,0
Proceso 27,2014,9,0,0
Proceso 27,2014,10,0,0
Proceso 27,2014,11,0,0
Proceso 27,2014,12,0,0
Proceso 28,2014,1,0,0
Proceso 28,2014,2,0,0
Proceso 28,2014,3,0,12000000
Proceso 28,2014,4,0,12000000
Proceso 28,2014,5,0,12000000
Proceso 28,2014,6,0,12000000
Proceso 28,2014,7,0,12000000
Proceso 28,2014,8,0,12000000
Proceso 28,2014,9,0,12000000
Proceso 28,2014,10,0,12000000
Proceso 28,2014,11,0,12000000
Proceso 28,2014,12,0,0
Proceso 29,2014,1,0,0
Proceso 29,2014,2,0,0
Proceso 29,2014,3,0,39665540.63
Proceso 29,2014,4,0,0
Proceso 29,2014,5,12000000,0
Proceso 29,2014,6,12000000,0
Proceso 29,2014,7,12000000,0
Proceso 29,2014,8,12000000,0
Proceso 29,2014,9,12000000,0
Proceso 29,2014,10,12000000,0
Proceso 29,2014,11,12000000,0
Proceso 29,2014,12,12000000,0
Proceso 30,2014,1,12000000,13480314.16
Proceso 30,2014,2,0,255905763.9
Proceso 30,2014,3,0,54694623.13
Proceso 30,2014,4,0,216210
Proceso 30,2014,5,0,0
Proceso 30,2014,6,0,140812637
Proceso 30,2014,7,0,23391911.85
Proceso 30,2014,8,0,306032825.1
Proceso 30,2014,9,0,86161444.14
Proceso 30,2014,10,0,0
Proceso 30,2014,11,12000000,0
Proceso 30,2014,12,12000000,0
Proceso 31,2014,1,12000000,0
Proceso 31,2014,2,12000000,0
Proceso 31,2014,3,12000000,0
Proceso 31,2014,4,12000000,0
Proceso 31,2014,5,12000000,0
Proceso 31,2014,6,12000000,0
Proceso 31,2014,7,12000000,29290
Proceso 31,2014,8,0,3233424
Proceso 31,2014,9,0,0
Proceso 31,2014,10,0,0
Proceso 31,2014,11,0,0
Proceso 31,2014,12,0,2134483.26
Proceso 1,2015,1,67740835.86,0
Proceso 1,2015,2,67740835.86,0
Proceso 1,2015,3,67740835.86,0
Proceso 1,2015,4,67740835.86,0
Proceso 1,2015,5,67740835.86,0
Proceso 1,2015,6,67740835.86,0
Proceso 1,2015,7,67740835.86,0
Proceso 1,2015,8,67740835.86,0
Proceso 1,2015,9,67740835.86,0
Proceso 1,2015,10,67740835.86,0
Proceso 1,2015,11,67740835.86,0
Proceso 1,2015,12,67740835.86,0
Proceso 2,2015,1,0,0
Proceso 2,2015,2,0,0
Proceso 2,2015,3,0,0
Proceso 2,2015,4,0,1351757.5
Proceso 2,2015,5,0,4690182.74
Proceso 2,2015,6,0,0
Proceso 2,2015,7,0,3325241
Proceso 2,2015,8,0,1006325.8
Proceso 2,2015,9,0,0
Proceso 2,2015,10,0,0
Proceso 2,2015,11,0,0
Proceso 2,2015,12,12000000,302454
Proceso 3,2015,1,12000000,70585
Proceso 3,2015,2,12000000,2188834.6
Proceso 3,2015,3,12000000,850470
Proceso 3,2015,4,12000000,2814717
Proceso 3,2015,5,12000000,623700
Proceso 3,2015,6,12000000,0
Proceso 3,2015,7,12000000,1218392.4
Proceso 3,2015,8,12000000,3888445.65
Proceso 3,2015,9,0,315654
Proceso 3,2015,10,0,649386
Proceso 3,2015,11,0,600965
Proceso 3,2015,12,0,1487718
Proceso 4,2015,1,0,17415561
Proceso 4,2015,2,0,6783674
Proceso 4,2015,3,0,10613919
Proceso 4,2015,4,0,2966484
Proceso 4,2015,5,0,14271796
Proceso 4,2015,6,0,16253989
Proceso 4,2015,7,0,13744125
Proceso 4,2015,8,0,13807281
Proceso 4,2015,9,0,16392742
Proceso 4,2015,10,0,11881659
Proceso 4,2015,11,0,9886546.5
Proceso 4,2015,12,0,9109476
Proceso 5,2015,1,0,0
Proceso 5,2015,2,12000000,0
Proceso 5,2015,3,12000000,0
Proceso 5,2015,4,12000000,0
Proceso 5,2015,5,12000000,0
Proceso 5,2015,6,12000000,0
Proceso 5,2015,7,12000000,0
Proceso 5,2015,8,12000000,0
Proceso 5,2015,9,12000000,0
Proceso 5,2015,10,12000000,0
Proceso 5,2015,11,0,0
Proceso 5,2015,12,0,0
Proceso 6,2015,1,0,1066266.49
Proceso 6,2015,2,0,1620974.7
Proceso 6,2015,3,0,1839005.15
Proceso 6,2015,4,0,4092704.9
Proceso 6,2015,5,0,3564619.4
Proceso 6,2015,6,12000000,8313784.25
Proceso 6,2015,7,12000000,6040523.24
Proceso 6,2015,8,12000000,4755666.78
Proceso 6,2015,9,12000000,6798149.47
Proceso 6,2015,10,12000000,5745575.2
Proceso 6,2015,11,12000000,5348453.85
Proceso 6,2015,12,12000000,14691891.38
Proceso 7,2015,1,12000000,7325287.32
Proceso 7,2015,2,12000000,9334817.1
Proceso 7,2015,3,0,32308735.82
Proceso 7,2015,4,0,37742716.1
Proceso 7,2015,5,0,30454655.39
Proceso 7,2015,6,0,89979181.54
Proceso 7,2015,7,0,22036119.25
Proceso 7,2015,8,0,21363557
Proceso 7,2015,9,0,40913320.96
Proceso 7,2015,10,0,17499091.58
Proceso 7,2015,11,0,39935061.71
Proceso 7,2015,12,0,84720210.12
Proceso 8,2015,1,12000000,0
Proceso 8,2015,2,12000000,0
Proceso 8,2015,3,12000000,0
Proceso 8,2015,4,12000000,0
Proceso 8,2015,5,12000000,0
Proceso 8,2015,6,12000000,0
Proceso 8,2015,7,12000000,5383048
Proceso 8,2015,8,12000000,0
Proceso 8,2015,9,12000000,1013321
Proceso 8,2015,10,0,117600
Proceso 8,2015,11,0,0
Proceso 8,2015,12,0,0
Proceso 9,2015,1,0,11158273.15
Proceso 9,2015,2,0,33360606.12
Proceso 9,2015,3,0,25214393.42
Proceso 9,2015,4,0,21125750.84
Proceso 9,2015,5,12000000,22231142.23
Proceso 9,2015,6,12000000,30123786.69
Proceso 9,2015,7,12000000,22719121.21
Proceso 9,2015,8,12000000,30517563.55
Proceso 9,2015,9,12000000,19241097.2
Proceso 9,2015,10,12000000,31396641.06
Proceso 9,2015,11,12000000,24656268.25
Proceso 9,2015,12,12000000,18873772
Proceso 10,2015,1,12000000,76090
Proceso 10,2015,2,0,0
Proceso 10,2015,3,0,147490
Proceso 10,2015,4,0,180590
Proceso 10,2015,5,0,0
Proceso 10,2015,6,0,150068
Proceso 10,2015,7,0,343007
Proceso 10,2015,8,0,665635
Proceso 10,2015,9,12000000,361541.6
Proceso 10,2015,10,12000000,271062
Proceso 10,2015,11,12000000,0
Proceso 10,2015,12,12000000,458348
Proceso 11,2015,1,12000000,14311641
Proceso 11,2015,2,12000000,16058131
Proceso 11,2015,3,12000000,16697537.6
Proceso 11,2015,4,12000000,21589504
Proceso 11,2015,5,12000000,16608459
Proceso 11,2015,6,0,24785904.1
Proceso 11,2015,7,0,29687629.1
Proceso 11,2015,8,0,27169324
Proceso 11,2015,9,0,25383302
Proceso 11,2015,10,0,23803743
Proceso 11,2015,11,0,23129703
Proceso 11,2015,12,0,36914815
Proceso 12,2015,1,0,25671451.15
Proceso 12,2015,2,12000000,33318084.2
Proceso 12,2015,3,12000000,22411629.83
Proceso 12,2015,4,12000000,39867713.17
Proceso 12,2015,5,12000000,25771803.17
Proceso 12,2015,6,12000000,71450148.74
Proceso 12,2015,7,12000000,20243202.18
Proceso 12,2015,8,12000000,24314270.88
Proceso 12,2015,9,12000000,27641765.97
Proceso 12,2015,10,12000000,24479934.7
Proceso 12,2015,11,0,15975606.73
Proceso 12,2015,12,0,75301106.59
Proceso 13,2015,1,0,18773860.9
Proceso 13,2015,2,0,41899601.33
Proceso 13,2015,3,0,42408419.79
Proceso 13,2015,4,0,52282228.05
Proceso 13,2015,5,0,82852152.45
Proceso 13,2015,6,0,40586867.89
Proceso 13,2015,7,0,40408316.37
Proceso 13,2015,8,0,84681699.72
Proceso 13,2015,9,0,60022420.82
Proceso 13,2015,10,0,43098090
Proceso 13,2015,11,0,43501472.69
Proceso 13,2015,12,0,112110301.8
Proceso 14,2015,1,0,668378
Proceso 14,2015,2,12000000,5585928.1
Proceso 14,2015,3,12000000,7044050.2
Proceso 14,2015,4,12000000,4138224.69
Proceso 14,2015,5,12000000,2600596.33
Proceso 14,2015,6,12000000,10704562.25
Proceso 14,2015,7,12000000,3597525.7
Proceso 14,2015,8,12000000,12489383.8
Proceso 14,2015,9,12000000,9819888.7
Proceso 14,2015,10,12000000,3733313.8
Proceso 14,2015,11,0,4769388.5
Proceso 14,2015,12,0,16777048.95
Proceso 15,2015,1,0,0
Proceso 15,2015,2,0,0
Proceso 15,2015,3,0,0
Proceso 15,2015,4,0,0
Proceso 15,2015,5,12000000,0
Proceso 15,2015,6,12000000,0
Proceso 15,2015,7,12000000,0
Proceso 15,2015,8,12000000,0
Proceso 15,2015,9,12000000,0
Proceso 15,2015,10,12000000,0
Proceso 15,2015,11,12000000,0
Proceso 15,2015,12,12000000,0
Proceso 16,2015,1,12000000,0
Proceso 16,2015,2,0,135732
Proceso 16,2015,3,0,0
Proceso 16,2015,4,0,0
Proceso 16,2015,5,0,0
Proceso 16,2015,6,0,0
Proceso 16,2015,7,0,0
Proceso 16,2015,8,0,34888
Proceso 16,2015,9,0,95382
Proceso 16,2015,10,0,0
Proceso 16,2015,11,0,0
Proceso 16,2015,12,0,0
Proceso 17,2015,1,0,42229.2
Proceso 17,2015,2,0,0
Proceso 17,2015,3,0,280352
Proceso 17,2015,4,0,0
Proceso 17,2015,5,0,70350
Proceso 17,2015,6,12000000,252045
Proceso 17,2015,7,12000000,73214
Proceso 17,2015,8,12000000,1080672
Proceso 17,2015,9,12000000,907733.5
Proceso 17,2015,10,12000000,0
Proceso 17,2015,11,12000000,80382
Proceso 17,2015,12,12000000,509727
Proceso 18,2015,1,12000000,690549
Proceso 18,2015,2,12000000,2142923
Proceso 18,2015,3,0,1241065
Proceso 18,2015,4,0,837680
Proceso 18,2015,5,0,370624
Proceso 18,2015,6,0,461280
Proceso 18,2015,7,0,853733
Proceso 18,2015,8,0,2984045
Proceso 18,2015,9,0,843764
Proceso 18,2015,10,0,336137
Proceso 18,2015,11,0,1406290
Proceso 18,2015,12,0,2450520.9
Proceso 19,2015,1,12000000,941997
Proceso 19,2015,2,12000000,20597207.3
Proceso 19,2015,3,12000000,22141577.2
Proceso 19,2015,4,12000000,14872169.9
Proceso 19,2015,5,12000000,7063346
Proceso 19,2015,6,12000000,40251112.79
Proceso 19,2015,7,12000000,17598137
Proceso 19,2015,8,12000000,25800288.55
Proceso 19,2015,9,12000000,17283698.4
Proceso 19,2015,10,0,13476993.53
Proceso 19,2015,11,0,23251272.93
Proceso 19,2015,12,0,36206287.46
Proceso 20,2015,1,12000000,22272192.6
Proceso 20,2015,2,12000000,15201057
Proceso 20,2015,3,12000000,19695787
Proceso 20,2015,4,12000000,17683678
Proceso 20,2015,5,12000000,14985120.2
Proceso 20,2015,6,12000000,25909913
Proceso 20,2015,7,12000000,16791624
Proceso 20,2015,8,12000000,18735935
Proceso 20,2015,9,12000000,18967381
Proceso 20,2015,10,0,17907036
Proceso 20,2015,11,0,13861398.2
Proceso 20,2015,12,0,20796106.5
Proceso 21,2015,1,0,2415205
Proceso 21,2015,2,0,1806299
Proceso 21,2015,3,0,4642291
Proceso 21,2015,4,0,2698864
Proceso 21,2015,5,0,2445535
Proceso 21,2015,6,0,2877758
Proceso 21,2015,7,0,7741869
Proceso 21,2015,8,0,5627355
Proceso 21,2015,9,0,11990395
Proceso 21,2015,10,0,8734521.96
Proceso 21,2015,11,0,5343630
Proceso 21,2015,12,0,5513296
Proceso 22,2015,1,0,72221879.78
Proceso 22,2015,2,12000000,83977888.53
Proceso 22,2015,3,12000000,91045546.86
Proceso 22,2015,4,12000000,106140029.2
Proceso 22,2015,5,12000000,85499065.58
Proceso 22,2015,6,12000000,76684476.04
Proceso 22,2015,7,12000000,81723585.34
Proceso 22,2015,8,12000000,84707785.87
Proceso 22,2015,9,12000000,86137546.06
Proceso 22,2015,10,12000000,88042850.32
Proceso 22,2015,11,0,88758291.7
Proceso 22,2015,12,0,196155720.4
Proceso 23,2015,1,0,0
Proceso 23,2015,2,0,0
Proceso 23,2015,3,0,0
Proceso 23,2015,4,0,0
Proceso 23,2015,5,0,0
Proceso 23,2015,6,0,0
Proceso 23,2015,7,0,0
Proceso 23,2015,8,0,0
Proceso 23,2015,9,0,0
Proceso 23,2015,10,12000000,0
Proceso 23,2015,11,12000000,0
Proceso 23,2015,12,12000000,0
Proceso 24,2015,1,12000000,2372883
Proceso 24,2015,2,12000000,9483395
Proceso 24,2015,3,12000000,14136862.8
Proceso 24,2015,4,12000000,17193954.01
Proceso 24,2015,5,12000000,15490278.02
Proceso 24,2015,6,12000000,13583472.58
Proceso 24,2015,7,0,38376805.26
Proceso 24,2015,8,0,21986711.8
Proceso 24,2015,9,0,25225012
Proceso 24,2015,10,0,14804169
Proceso 24,2015,11,0,20000620.4
Proceso 24,2015,12,12000000,34153150.85
Proceso 25,2015,1,12000000,5968138.49
Proceso 25,2015,2,12000000,13790838.2
Proceso 25,2015,3,12000000,19871187.85
Proceso 25,2015,4,12000000,16439620.14
Proceso 25,2015,5,12000000,12534522.5
Proceso 25,2015,6,12000000,19987016.55
Proceso 25,2015,7,12000000,8858403.58
Proceso 25,2015,8,12000000,21440671.2
Proceso 25,2015,9,0,23557767.5
Proceso 25,2015,10,0,19231972.45
Proceso 25,2015,11,0,14722727.5
Proceso 25,2015,12,0,39674219.2
Proceso 26,2015,1,0,0
Proceso 26,2015,2,0,0
Proceso 26,2015,3,0,0
Proceso 26,2015,4,0,0
Proceso 26,2015,5,0,0
Proceso 26,2015,6,0,0
Proceso 26,2015,7,0,0
Proceso 26,2015,8,0,0
Proceso 26,2015,9,0,0
Proceso 26,2015,10,0,0
Proceso 26,2015,11,0,0
Proceso 26,2015,12,0,0
Proceso 27,2015,1,0,0
Proceso 27,2015,2,0,553649
Proceso 27,2015,3,0,0
Proceso 27,2015,4,0,1131695
Proceso 27,2015,5,0,907624.5
Proceso 27,2015,6,0,0
Proceso 27,2015,7,0,379667
Proceso 27,2015,8,0,344034
Proceso 27,2015,9,0,484764
Proceso 27,2015,10,0,58128
Proceso 27,2015,11,0,830843
Proceso 27,2015,12,0,0
Proceso 28,2015,1,0,0
Proceso 28,2015,2,0,0
Proceso 28,2015,3,0,434128
Proceso 28,2015,4,0,3579011
Proceso 28,2015,5,0,200288
Proceso 28,2015,6,0,0
Proceso 28,2015,7,0,674350
Proceso 28,2015,8,0,218366
Proceso 28,2015,9,0,77360
Proceso 28,2015,10,0,157053
Proceso 28,2015,11,0,680726
Proceso 28,2015,12,0,1759359
Proceso 29,2015,1,0,33933
Proceso 29,2015,2,0,744217
Proceso 29,2015,3,0,1832292
Proceso 29,2015,4,0,543888
Proceso 29,2015,5,0,34997
Proceso 29,2015,6,0,2659391
Proceso 29,2015,7,0,423675
Proceso 29,2015,8,0,416522
Proceso 29,2015,9,0,6119173.6
Proceso 29,2015,10,0,2238040
Proceso 29,2015,11,0,7844532.8
Proceso 29,2015,12,0,6891519.5
Proceso 30,2015,1,0,70571077.03
Proceso 30,2015,2,0,87459998.69
Proceso 30,2015,3,0,74889633.94
Proceso 30,2015,4,0,62593475.29
Proceso 30,2015,5,0,58834053.84
Proceso 30,2015,6,12000000,88470293.52
Proceso 30,2015,7,12000000,60464758.55
Proceso 30,2015,8,12000000,88980244.94
Proceso 30,2015,9,12000000,98163233.3
Proceso 30,2015,10,12000000,83496973.2
Proceso 30,2015,11,12000000,79903668.2
Proceso 30,2015,12,12000000,75003214.2
Proceso 31,2015,1,12000000,102417
Proceso 31,2015,2,12000000,7546945.9
Proceso 31,2015,3,0,7598570.19
Proceso 31,2015,4,0,312363
Proceso 31,2015,5,0,15166
Proceso 31,2015,6,0,136629
Proceso 31,2015,7,0,68314.5
Proceso 31,2015,8,0,369819
Proceso 31,2015,9,0,0
Proceso 31,2015,10,0,0
Proceso 31,2015,11,0,0
Proceso 31,2015,12,0,0
Proceso 1,2016,1,67740835.86,0
Proceso 1,2016,2,67740835.86,0
Proceso 1,2016,3,67740835.86,70591
Proceso 1,2016,4,67740835.86,0
Proceso 1,2016,5,67740835.86,0
Proceso 1,2016,6,67740835.86,0
Proceso 1,2016,7,67740835.86,0
Proceso 1,2016,8,67740835.86,668060.5
Proceso 1,2016,9,67740835.86,0
Proceso 1,2016,10,67740835.86,0
Proceso 1,2016,11,67740835.86,0
Proceso 1,2016,12,67740835.86,0
Proceso 2,2016,1,0,118311
Proceso 2,2016,2,0,0
Proceso 2,2016,3,0,0
Proceso 2,2016,4,0,97619
Proceso 2,2016,5,0,0
Proceso 2,2016,6,0,215640
Proceso 2,2016,7,0,0
Proceso 2,2016,8,0,3207948
Proceso 2,2016,9,0,504843
Proceso 2,2016,10,0,0
Proceso 2,2016,11,0,0
Proceso 2,2016,12,0,0
Proceso 3,2016,1,0,0
Proceso 3,2016,2,0,5347254.71
Proceso 3,2016,3,0,3474623
Proceso 3,2016,4,0,5476086.4
Proceso 3,2016,5,0,1558408
Proceso 3,2016,6,0,187439
Proceso 3,2016,7,0,4220292
Proceso 3,2016,8,0,2118113
Proceso 3,2016,9,0,1435271.5
Proceso 3,2016,10,0,0
Proceso 3,2016,11,0,0
Proceso 3,2016,12,0,0
Proceso 4,2016,1,0,15420570
Proceso 4,2016,2,0,13721367
Proceso 4,2016,3,0,13109389
Proceso 4,2016,4,0,11700578
Proceso 4,2016,5,0,11856368
Proceso 4,2016,6,0,14161915
Proceso 4,2016,7,0,16248268
Proceso 4,2016,8,0,15846303
Proceso 4,2016,9,0,11696675
Proceso 4,2016,10,0,0
Proceso 4,2016,11,0,0
Proceso 4,2016,12,0,0
Proceso 5,2016,1,0,0
Proceso 5,2016,2,0,0
Proceso 5,2016,3,0,0
Proceso 5,2016,4,0,818692.6
Proceso 5,2016,5,0,735550
Proceso 5,2016,6,0,0
Proceso 5,2016,7,0,0
Proceso 5,2016,8,0,0
Proceso 5,2016,9,0,0
Proceso 5,2016,10,0,0
Proceso 5,2016,11,0,0
Proceso 5,2016,12,0,0
Proceso 6,2016,1,0,2179013
Proceso 6,2016,2,0,17971436.02
Proceso 6,2016,3,0,11555459.8
Proceso 6,2016,4,0,12414391.68
Proceso 6,2016,5,0,34310572
Proceso 6,2016,6,0,27373316
Proceso 6,2016,7,0,13232472.4
Proceso 6,2016,8,0,9996280.9
Proceso 6,2016,9,0,7866000
Proceso 6,2016,10,0,0
Proceso 6,2016,11,0,0
Proceso 6,2016,12,0,0
Proceso 7,2016,1,0,7232423.5
Proceso 7,2016,2,0,56814036.83
Proceso 7,2016,3,0,86686595.33
Proceso 7,2016,4,0,88438145.87
Proceso 7,2016,5,0,88928263.14
Proceso 7,2016,6,0,115612264.2
Proceso 7,2016,7,0,81873222.92
Proceso 7,2016,8,0,91557058.28
Proceso 7,2016,9,0,98189555.82
Proceso 7,2016,10,0,0
Proceso 7,2016,11,0,0
Proceso 7,2016,12,0,0
Proceso 8,2016,1,0,1173063.66
Proceso 8,2016,2,0,0
Proceso 8,2016,3,0,241130
Proceso 8,2016,4,0,47396
Proceso 8,2016,5,0,0
Proceso 8,2016,6,0,747135
Proceso 8,2016,7,0,165188
Proceso 8,2016,8,0,546521.5
Proceso 8,2016,9,0,1798385.86
Proceso 8,2016,10,0,0
Proceso 8,2016,11,0,0
Proceso 8,2016,12,0,0
Proceso 9,2016,1,0,21466907.38
Proceso 9,2016,2,0,16783922.04
Proceso 9,2016,3,0,23614447
Proceso 9,2016,4,0,23888848
Proceso 9,2016,5,0,26362771.7
Proceso 9,2016,6,0,35041400
Proceso 9,2016,7,0,27485379
Proceso 9,2016,8,0,44226345.2
Proceso 9,2016,9,0,28375838.4
Proceso 9,2016,10,0,0
Proceso 9,2016,11,0,0
Proceso 9,2016,12,0,0
Proceso 10,2016,1,0,315704
Proceso 10,2016,2,0,681165
Proceso 10,2016,3,0,0
Proceso 10,2016,4,0,341688
Proceso 10,2016,5,0,0
Proceso 10,2016,6,0,0
Proceso 10,2016,7,0,0
Proceso 10,2016,8,0,0
Proceso 10,2016,9,0,0
Proceso 10,2016,10,0,0
Proceso 10,2016,11,0,0
Proceso 10,2016,12,0,0
Proceso 11,2016,1,0,25839895
Proceso 11,2016,2,0,14850226
Proceso 11,2016,3,0,21363489.6
Proceso 11,2016,4,0,18778207
Proceso 11,2016,5,0,22759480
Proceso 11,2016,6,0,23880765
Proceso 11,2016,7,0,28164350
Proceso 11,2016,8,0,41204041.8
Proceso 11,2016,9,0,37003254.3
Proceso 11,2016,10,0,0
Proceso 11,2016,11,0,0
Proceso 11,2016,12,0,0
Proceso 12,2016,1,0,16733438.44
Proceso 12,2016,2,0,25949953.28
Proceso 12,2016,3,0,29841369.59
Proceso 12,2016,4,0,41707718.34
Proceso 12,2016,5,0,27193299.04
Proceso 12,2016,6,0,70303054.89
Proceso 12,2016,7,0,29886033.13
Proceso 12,2016,8,0,45604251.64
Proceso 12,2016,9,0,25658217.16
Proceso 12,2016,10,0,0
Proceso 12,2016,11,12000000,0
Proceso 12,2016,12,12000000,0
Proceso 13,2016,1,12000000,48562197.81
Proceso 13,2016,2,12000000,90244408.87
Proceso 13,2016,3,12000000,69642150.41
Proceso 13,2016,4,12000000,96818230.27
Proceso 13,2016,5,12000000,121512532.1
Proceso 13,2016,6,12000000,142487525.9
Proceso 13,2016,7,12000000,136578967.1
Proceso 13,2016,8,0,131005102.3
Proceso 13,2016,9,0,109446955.8
Proceso 13,2016,10,0,0
Proceso 13,2016,11,0,0
Proceso 13,2016,12,0,0
Proceso 14,2016,1,0,3623863
Proceso 14,2016,2,0,2962025.56
Proceso 14,2016,3,0,10333741.7
Proceso 14,2016,4,0,5094552
Proceso 14,2016,5,0,10811421
Proceso 14,2016,6,0,16331010.88
Proceso 14,2016,7,12000000,23263612.21
Proceso 14,2016,8,12000000,13696397.3
Proceso 14,2016,9,12000000,9656828
Proceso 14,2016,10,12000000,0
Proceso 14,2016,11,12000000,0
Proceso 14,2016,12,12000000,0
Proceso 15,2016,1,12000000,0
Proceso 15,2016,2,12000000,0
Proceso 15,2016,3,12000000,0
Proceso 15,2016,4,0,0
Proceso 15,2016,5,0,0
Proceso 15,2016,6,0,0
Proceso 15,2016,7,0,4097598
Proceso 15,2016,8,0,15428729.37
Proceso 15,2016,9,0,17258704.7
Proceso 15,2016,10,0,0
Proceso 15,2016,11,12000000,0
Proceso 15,2016,12,12000000,0
Proceso 16,2016,1,12000000,0
Proceso 16,2016,2,12000000,165654
Proceso 16,2016,3,12000000,0
Proceso 16,2016,4,12000000,0
Proceso 16,2016,5,12000000,0
Proceso 16,2016,6,12000000,0
Proceso 16,2016,7,12000000,338580
Proceso 16,2016,8,0,112860
Proceso 16,2016,9,0,51728
Proceso 16,2016,10,0,0
Proceso 16,2016,11,0,0
Proceso 16,2016,12,0,0
Proceso 17,2016,1,0,0
Proceso 17,2016,2,0,0
Proceso 17,2016,3,0,78346
Proceso 17,2016,4,0,179896
Proceso 17,2016,5,0,1291377
Proceso 17,2016,6,12000000,412190
Proceso 17,2016,7,12000000,4587743
Proceso 17,2016,8,12000000,293003
Proceso 17,2016,9,12000000,164098
Proceso 17,2016,10,12000000,0
Proceso 17,2016,11,12000000,0
Proceso 17,2016,12,12000000,0
Proceso 18,2016,1,12000000,952833
Proceso 18,2016,2,12000000,3250952.18
Proceso 18,2016,3,0,4341118.09
Proceso 18,2016,4,0,657776
Proceso 18,2016,5,0,1982473
Proceso 18,2016,6,12000000,1754649
Proceso 18,2016,7,12000000,1665093
Proceso 18,2016,8,12000000,5608228
Proceso 18,2016,9,12000000,1297987
Proceso 18,2016,10,12000000,0
Proceso 18,2016,11,12000000,0
Proceso 18,2016,12,12000000,0
Proceso 19,2016,1,12000000,7533949.24
Proceso 19,2016,2,12000000,31048646.8
Proceso 19,2016,3,0,8558023.79
Proceso 19,2016,4,0,19783773.41
Proceso 19,2016,5,0,12236843.6
Proceso 19,2016,6,0,6507774
Proceso 19,2016,7,0,54710736.54
Proceso 19,2016,8,0,14681535
Proceso 19,2016,9,0,30734157
Proceso 19,2016,10,0,0
Proceso 19,2016,11,0,0
Proceso 19,2016,12,0,0
Proceso 20,2016,1,0,18245438
Proceso 20,2016,2,0,19571326
Proceso 20,2016,3,0,18050469
Proceso 20,2016,4,0,13820463
Proceso 20,2016,5,0,18285233
Proceso 20,2016,6,0,16950443
Proceso 20,2016,7,0,16020101
Proceso 20,2016,8,0,23386774
Proceso 20,2016,9,0,17846793
Proceso 20,2016,10,0,0
Proceso 20,2016,11,0,0
Proceso 20,2016,12,0,0
Proceso 21,2016,1,0,4869836
Proceso 21,2016,2,0,8827338
Proceso 21,2016,3,0,8496155
Proceso 21,2016,4,0,4612159
Proceso 21,2016,5,0,6250622
Proceso 21,2016,6,0,5419177.4
Proceso 21,2016,7,0,1719334
Proceso 21,2016,8,0,6937833.2
Proceso 21,2016,9,0,14043112
Proceso 21,2016,10,0,0
Proceso 21,2016,11,0,0
Proceso 21,2016,12,0,0
Proceso 22,2016,1,0,64577831.61
Proceso 22,2016,2,0,104727118.1
Proceso 22,2016,3,0,94653455.94
Proceso 22,2016,4,0,117871139
Proceso 22,2016,5,12000000,130329264.3
Proceso 22,2016,6,12000000,97203944.1
Proceso 22,2016,7,12000000,71128821.4
Proceso 22,2016,8,12000000,107153298.6
Proceso 22,2016,9,12000000,86138858.03
Proceso 22,2016,10,12000000,0
Proceso 22,2016,11,12000000,0
Proceso 22,2016,12,12000000,0
Proceso 23,2016,1,12000000,0
Proceso 23,2016,2,0,0
Proceso 23,2016,3,0,0
Proceso 23,2016,4,0,0
Proceso 23,2016,5,0,0
Proceso 23,2016,6,0,0
Proceso 23,2016,7,0,0
Proceso 23,2016,8,0,0
Proceso 23,2016,9,0,0
Proceso 23,2016,10,0,0
Proceso 23,2016,11,0,0
Proceso 23,2016,12,0,0
Proceso 24,2016,1,0,3273808
Proceso 24,2016,2,0,18442935.24
Proceso 24,2016,3,0,6095717.5
Proceso 24,2016,4,0,21265162.8
Proceso 24,2016,5,0,39138243.6
Proceso 24,2016,6,0,25834552.53
Proceso 24,2016,7,0,34655291.3
Proceso 24,2016,8,0,33172952
Proceso 24,2016,9,0,22340516.76
Proceso 24,2016,10,0,0
Proceso 24,2016,11,0,0
Proceso 24,2016,12,0,0
Proceso 25,2016,1,0,19614334.61
Proceso 25,2016,2,0,15040349.4
Proceso 25,2016,3,0,24801543
Proceso 25,2016,4,0,33017126.12
Proceso 25,2016,5,0,58460592.8
Proceso 25,2016,6,0,47840961.35
Proceso 25,2016,7,0,25062646.22
Proceso 25,2016,8,0,41526644.7
Proceso 25,2016,9,0,24638561.58
Proceso 25,2016,10,0,0
Proceso 25,2016,11,0,0
Proceso 25,2016,12,0,0
Proceso 26,2016,1,0,0
Proceso 26,2016,2,0,0
Proceso 26,2016,3,0,0
Proceso 26,2016,4,0,49585
Proceso 26,2016,5,0,0
Proceso 26,2016,6,0,0
Proceso 26,2016,7,0,0
Proceso 26,2016,8,0,0
Proceso 26,2016,9,0,0
Proceso 26,2016,10,0,0
Proceso 26,2016,11,12000000,0
Proceso 26,2016,12,12000000,0
Proceso 27,2016,1,12000000,385692
Proceso 27,2016,2,12000000,978952
Proceso 27,2016,3,12000000,307206
Proceso 27,2016,4,12000000,0
Proceso 27,2016,5,12000000,1189078
Proceso 27,2016,6,12000000,129056
Proceso 27,2016,7,12000000,115470
Proceso 27,2016,8,0,365182
Proceso 27,2016,9,0,0
Proceso 27,2016,10,0,0
Proceso 27,2016,11,0,0
Proceso 27,2016,12,0,0
Proceso 28,2016,1,0,8192922
Proceso 28,2016,2,12000000,865514
Proceso 28,2016,3,12000000,1101968
Proceso 28,2016,4,12000000,6313705.45
Proceso 28,2016,5,12000000,30047896
Proceso 28,2016,6,12000000,0
Proceso 28,2016,7,12000000,5769169.2
Proceso 28,2016,8,12000000,1233984
Proceso 28,2016,9,12000000,2651361
Proceso 28,2016,10,12000000,0
Proceso 28,2016,11,0,0
Proceso 28,2016,12,0,0
Proceso 29,2016,1,0,2013936.22
Proceso 29,2016,2,0,2587666.6
Proceso 29,2016,3,0,952016
Proceso 29,2016,4,0,2359796
Proceso 29,2016,5,12000000,2060922.5
Proceso 29,2016,6,12000000,587975
Proceso 29,2016,7,12000000,1934375
Proceso 29,2016,8,12000000,619831
Proceso 29,2016,9,12000000,867693
Proceso 29,2016,10,12000000,0
Proceso 29,2016,11,12000000,0
Proceso 29,2016,12,12000000,0
Proceso 30,2016,1,12000000,43245740.95
Proceso 30,2016,2,0,72794427.3
Proceso 30,2016,3,0,62674819.1
Proceso 30,2016,4,0,69701250.8
Proceso 30,2016,5,0,59842809.2
Proceso 30,2016,6,0,68004601.6
Proceso 30,2016,7,0,57827600
Proceso 30,2016,8,0,79917219.85
Proceso 30,2016,9,0,76521507.7
Proceso 30,2016,10,0,0
Proceso 30,2016,11,0,0
Proceso 30,2016,12,0,0
Proceso 31,2016,1,12000000,0
Proceso 31,2016,2,12000000,0
Proceso 31,2016,3,12000000,0
Proceso 31,2016,4,12000000,0
Proceso 31,2016,5,12000000,498728
Proceso 31,2016,6,12000000,0
Proceso 31,2016,7,12000000,266379
Proceso 31,2016,8,12000000,0
Proceso 31,2016,9,12000000,446519
Proceso 31,2016,10,0,0
Proceso 31,2016,11,0,0
Proceso 31,2016,12,0,0
